job_title,company,location,job_type,category,salary_min,salary_max,experience_required,publication_date,skills,education_level,company_size,benefits,salary,experience_level,skills_list
Engineering Manager,DataInc,"San Francisco, CA",Remote,Technology,151082,291345,4.0,11/27/2025,"aws, agile, machine learning, kubernetes, mongodb, ruby",Master's Degree,1-50 employees,"Health Insurance, 401(k), Unlimited PTO",221213.5,3-5 years,"['aws', ' agile', ' machine learning', ' kubernetes', ' mongodb', ' ruby']"
Engineering Manager,EnterpriseHub,"New York, NY",Remote,Technology,156891,280075,3.0,11/27/2025,"java, agile, git, sql, ruby, go",PhD,1-50 employees,"Dental, Vision, Annual Bonus",218483.0,3-5 years,"['java', ' agile', ' git', ' sql', ' ruby', ' go']"
Engineering Manager,StartupXYZ,"Seattle, WA",Part Time,Technology,152134,280310,4.0,11/27/2025,"aws, python, kubernetes, git",Associate Degree,1000+ employees,"Stock Options, Remote Work Stipend",216222.0,3-5 years,"['aws', ' python', ' kubernetes', ' git']"
Lead Engineer,WebDynamics,"Seattle, WA",Full Time,Technology,151918,253988,7.0,11/27/2025,"agile, git, docker, rest apis, typescript",PhD,1000+ employees,"Health Insurance, 401(k), Unlimited PTO",202953.0,6-9 years,"['agile', ' git', ' docker', ' rest apis', ' typescript']"
Senior Software Engineer,DigitalWorks,"San Francisco, CA",Full Time,Technology,148141,252584,9.0,11/27/2025,"agile, ruby, docker, git, javascript",High School,1000+ employees,"Health Insurance, 401(k), Unlimited PTO",200362.5,6-9 years,"['agile', ' ruby', ' docker', ' git', ' javascript']"
Senior Software Engineer,WebDynamics,"Seattle, WA",Part Time,Technology,147870,248059,8.0,11/27/2025,"ci/cd, python, kubernetes, javascript, sql, docker, machine learning",High School,201-500 employees,"Stock Options, Remote Work Stipend",197964.5,6-9 years,"['ci/cd', ' python', ' kubernetes', ' javascript', ' sql', ' docker', ' machine learning']"
Senior Data Scientist,WebDynamics,"Seattle, WA",Part Time,Technology,149467,244158,11.0,11/27/2025,"machine learning, typescript, node.js, docker, python, rest apis, ci/cd",Associate Degree,51-200 employees,"Health Insurance, 401(k), Unlimited PTO",196812.5,10+ years,"['machine learning', ' typescript', ' node.js', ' docker', ' python', ' rest apis', ' ci/cd']"
Lead Engineer,AI Solutions,"San Francisco, CA",Contract,Technology,133652,258933,11.0,11/27/2025,"java, python, machine learning",Associate Degree,501-1000 employees,"Health Insurance, 401(k), Unlimited PTO",196292.5,10+ years,"['java', ' python', ' machine learning']"
Lead Engineer,AI Solutions,"New York, NY",Full Time,Technology,138787,242901,5.0,11/27/2025,"typescript, kubernetes, aws, javascript, go",Associate Degree,201-500 employees,"Health Insurance, 401(k), Unlimited PTO",190844.0,3-5 years,"['typescript', ' kubernetes', ' aws', ' javascript', ' go']"
Project Manager,DataInc,"New York, NY",Full Time,Technology,133004,237154,2.0,11/27/2025,"typescript, java, javascript, kubernetes, go",High School,501-1000 employees,"Stock Options, Remote Work Stipend",185079.0,0-2 years,"['typescript', ' java', ' javascript', ' kubernetes', ' go']"
Product Manager,EnterpriseHub,"San Francisco, CA",Contract,Technology,134354,233476,4.0,11/27/2025,"machine learning, mongodb, python, rest apis, aws, react, node.js",Master's Degree,51-200 employees,"Dental, Vision, Annual Bonus",183915.0,3-5 years,"['machine learning', ' mongodb', ' python', ' rest apis', ' aws', ' react', ' node.js']"
Product Manager,EnterpriseHub,"London, UK",Part Time,Technology,133776,232759,5.0,11/27/2025,"javascript, machine learning, kubernetes, tensorflow",Unspecified,1000+ employees,"Health Insurance, 401(k), Unlimited PTO",183267.5,3-5 years,"['javascript', ' machine learning', ' kubernetes', ' tensorflow']"
Project Manager,TechCorp,"New York, NY",Remote,Technology,124814,235012,4.0,11/27/2025,"java, ci/cd, typescript",Unspecified,51-200 employees,"Health Insurance, 401(k), Unlimited PTO",179913.0,3-5 years,"['java', ' ci/cd', ' typescript']"
Product Manager,EnterpriseHub,"Seattle, WA",Part Time,Technology,130136,228915,4.0,11/27/2025,"aws, react, docker, java, kubernetes",PhD,501-1000 employees,"Stock Options, Remote Work Stipend",179525.5,3-5 years,"['aws', ' react', ' docker', ' java', ' kubernetes']"
Engineering Manager,DigitalWorks,"Denver, CO",Part Time,Technology,124285,232235,3.0,11/27/2025,"aws, machine learning, sql, go, typescript",Associate Degree,51-200 employees,"Stock Options, Remote Work Stipend",178260.0,3-5 years,"['aws', ' machine learning', ' sql', ' go', ' typescript']"
Engineering Manager,AI Solutions,"Boston, MA",Part Time,Technology,112849,233748,2.0,11/27/2025,"aws, go, machine learning, git, ruby",Bachelor's Degree,501-1000 employees,"Dental, Vision, Annual Bonus",173298.5,0-2 years,"['aws', ' go', ' machine learning', ' git', ' ruby']"
Engineering Manager,DataInc,"Chicago, IL",Remote,Technology,112205,224750,3.0,11/27/2025,"go, sql, aws, java, react",PhD,1000+ employees,"Dental, Vision, Annual Bonus",168477.5,3-5 years,"['go', ' sql', ' aws', ' java', ' react']"
Engineering Manager,CloudSystems,"Atlanta, GA",Contract,Technology,125001,210672,3.0,11/27/2025,"docker, agile, tensorflow, aws, python, ci/cd",Unspecified,51-200 employees,"Health Insurance, 401(k), Unlimited PTO",167836.5,3-5 years,"['docker', ' agile', ' tensorflow', ' aws', ' python', ' ci/cd']"
Technical Lead,WebDynamics,"San Francisco, CA",Contract,Technology,125359,209806,11.0,11/27/2025,"node.js, agile, java",High School,201-500 employees,"Stock Options, Remote Work Stipend",167582.5,10+ years,"['node.js', ' agile', ' java']"
Engineering Manager,EnterpriseHub,"Denver, CO",Remote,Technology,116663,216465,2.0,11/27/2025,"react, rest apis, java, docker, typescript, machine learning",Master's Degree,201-500 employees,"Dental, Vision, Annual Bonus",166564.0,0-2 years,"['react', ' rest apis', ' java', ' docker', ' typescript', ' machine learning']"
Engineering Manager,DataInc,"Austin, TX",Remote,Technology,111856,214647,3.0,11/27/2025,"tensorflow, ci/cd, python, typescript, java, go, sql",Associate Degree,1000+ employees,"Health Insurance, 401(k), Unlimited PTO",163251.5,3-5 years,"['tensorflow', ' ci/cd', ' python', ' typescript', ' java', ' go', ' sql']"
Senior Software Engineer,DigitalWorks,"Denver, CO",Full Time,Technology,115867,203905,9.0,11/27/2025,"docker, mongodb, rest apis, go, python, git",Associate Degree,1-50 employees,"Health Insurance, 401(k), Unlimited PTO",159886.0,6-9 years,"['docker', ' mongodb', ' rest apis', ' go', ' python', ' git']"
Senior Software Engineer,EnterpriseHub,"Boston, MA",Contract,Technology,119378,199930,9.0,11/27/2025,"python, typescript, node.js, tensorflow",High School,501-1000 employees,"Stock Options, Remote Work Stipend",159654.0,6-9 years,"['python', ' typescript', ' node.js', ' tensorflow']"
Senior Data Scientist,CloudSystems,"Denver, CO",Full Time,Technology,119028,200044,6.0,11/27/2025,"ruby, react, node.js",High School,51-200 employees,"Health Insurance, 401(k), Unlimited PTO",159536.0,6-9 years,"['ruby', ' react', ' node.js']"
Lead Engineer,TechCorp,"Berlin, Germany",Part Time,Technology,114184,204087,9.0,11/27/2025,"javascript, java, mongodb",Bachelor's Degree,501-1000 employees,"Dental, Vision, Annual Bonus",159135.5,6-9 years,"['javascript', ' java', ' mongodb']"
Senior Data Scientist,CloudSystems,"Chicago, IL",Contract,Technology,118237,197803,5.0,11/27/2025,"sql, kubernetes, react, machine learning, python, agile, java",Bachelor's Degree,1-50 employees,"Stock Options, Remote Work Stipend",158020.0,3-5 years,"['sql', ' kubernetes', ' react', ' machine learning', ' python', ' agile', ' java']"
Lead Engineer,DigitalWorks,"Boston, MA",Contract,Technology,115759,199751,12.0,11/27/2025,"git, aws, javascript, machine learning, python, ci/cd",Master's Degree,1-50 employees,"Health Insurance, 401(k), Unlimited PTO",157755.0,10+ years,"['git', ' aws', ' javascript', ' machine learning', ' python', ' ci/cd']"
Technical Lead,DigitalWorks,"New York, NY",Part Time,Technology,108456,206849,11.0,11/27/2025,"typescript, python, machine learning, javascript, react",High School,1000+ employees,"Health Insurance, 401(k), Unlimited PTO",157652.5,10+ years,"['typescript', ' python', ' machine learning', ' javascript', ' react']"
Senior Data Scientist,EnterpriseHub,Remote,Contract,Technology,115733,197147,11.0,11/27/2025,"git, java, ci/cd, rest apis, python, kubernetes, go",Bachelor's Degree,201-500 employees,"Dental, Vision, Annual Bonus",156440.0,10+ years,"['git', ' java', ' ci/cd', ' rest apis', ' python', ' kubernetes', ' go']"
Lead Engineer,WebDynamics,"Atlanta, GA",Part Time,Technology,114256,197781,6.0,11/27/2025,"javascript, ci/cd, java, rest apis, docker",Master's Degree,51-200 employees,"Stock Options, Remote Work Stipend",156018.5,6-9 years,"['javascript', ' ci/cd', ' java', ' rest apis', ' docker']"
Lead Engineer,DataInc,"Denver, CO",Remote,Technology,118910,191852,9.0,11/27/2025,"machine learning, node.js, ci/cd",Unspecified,501-1000 employees,"Dental, Vision, Annual Bonus",155381.0,6-9 years,"['machine learning', ' node.js', ' ci/cd']"
Data Scientist,CodeFactory,"New York, NY",Full Time,Technology,113649,196060,2.0,11/27/2025,"rest apis, ci/cd, python",Unspecified,1-50 employees,"Health Insurance, 401(k), Unlimited PTO",154854.5,0-2 years,"['rest apis', ' ci/cd', ' python']"
Senior Software Engineer,EnterpriseHub,"Toronto, Canada",Contract,Technology,111951,197281,5.0,11/27/2025,"aws, ci/cd, rest apis, machine learning, mongodb, agile, react",Bachelor's Degree,51-200 employees,"Stock Options, Remote Work Stipend",154616.0,3-5 years,"['aws', ' ci/cd', ' rest apis', ' machine learning', ' mongodb', ' agile', ' react']"
Senior Data Scientist,InnovateLab,"Toronto, Canada",Remote,Technology,118274,189378,8.0,11/27/2025,"machine learning, node.js, go, react, git, rest apis, ci/cd",High School,201-500 employees,"Stock Options, Remote Work Stipend",153826.0,6-9 years,"['machine learning', ' node.js', ' go', ' react', ' git', ' rest apis', ' ci/cd']"
Senior Software Engineer,CodeFactory,"Atlanta, GA",Full Time,Technology,116897,190586,9.0,11/27/2025,"kubernetes, go, javascript, mongodb, node.js, machine learning",High School,501-1000 employees,"Dental, Vision, Annual Bonus",153741.5,6-9 years,"['kubernetes', ' go', ' javascript', ' mongodb', ' node.js', ' machine learning']"
Senior Software Engineer,CodeFactory,"Boston, MA",Full Time,Technology,106078,200220,12.0,11/27/2025,"mongodb, typescript, java",Unspecified,501-1000 employees,"Health Insurance, 401(k), Unlimited PTO",153149.0,10+ years,"['mongodb', ' typescript', ' java']"
Senior Software Engineer,TechCorp,"Atlanta, GA",Full Time,Technology,106043,199399,9.0,11/27/2025,"java, agile, ci/cd, javascript, aws",Master's Degree,1000+ employees,"Stock Options, Remote Work Stipend",152721.0,6-9 years,"['java', ' agile', ' ci/cd', ' javascript', ' aws']"
Senior Software Engineer,CloudSystems,"Austin, TX",Remote,Technology,105471,199090,6.0,11/27/2025,"typescript, node.js, tensorflow, go, rest apis, react, python",High School,501-1000 employees,"Stock Options, Remote Work Stipend",152280.5,6-9 years,"['typescript', ' node.js', ' tensorflow', ' go', ' rest apis', ' react', ' python']"
Senior Software Engineer,InnovateLab,"Austin, TX",Contract,Technology,107776,195509,5.0,11/27/2025,"ci/cd, git, javascript",Bachelor's Degree,1-50 employees,"Health Insurance, 401(k), Unlimited PTO",151642.5,3-5 years,"['ci/cd', ' git', ' javascript']"
Technical Lead,CloudSystems,"Seattle, WA",Part Time,Technology,107434,194992,12.0,11/27/2025,"kubernetes, sql, rest apis, tensorflow, mongodb",Unspecified,1000+ employees,"Dental, Vision, Annual Bonus",151213.0,10+ years,"['kubernetes', ' sql', ' rest apis', ' tensorflow', ' mongodb']"
Lead Engineer,DataInc,"Atlanta, GA",Contract,Technology,103724,197589,7.0,11/27/2025,"mongodb, aws, python, machine learning, kubernetes, javascript",Master's Degree,51-200 employees,"Health Insurance, 401(k), Unlimited PTO",150656.5,6-9 years,"['mongodb', ' aws', ' python', ' machine learning', ' kubernetes', ' javascript']"
Product Manager,WebDynamics,"Denver, CO",Remote,Technology,107618,193038,5.0,11/27/2025,"sql, tensorflow, mongodb, rest apis, docker, node.js",High School,1-50 employees,"Health Insurance, 401(k), Unlimited PTO",150328.0,3-5 years,"['sql', ' tensorflow', ' mongodb', ' rest apis', ' docker', ' node.js']"
Technical Lead,DigitalWorks,"Seattle, WA",Part Time,Technology,109758,190478,7.0,11/27/2025,"sql, tensorflow, node.js, git, aws",Unspecified,201-500 employees,"Health Insurance, 401(k), Unlimited PTO",150118.0,6-9 years,"['sql', ' tensorflow', ' node.js', ' git', ' aws']"
Frontend Developer,DataInc,"New York, NY",Part Time,Technology,107507,192555,2.0,11/27/2025,"typescript, javascript, sql, machine learning, docker",Master's Degree,51-200 employees,"Health Insurance, 401(k), Unlimited PTO",150031.0,0-2 years,"['typescript', ' javascript', ' sql', ' machine learning', ' docker']"
Senior Solutions Architect,Automat-it,Berlin,Full Time,Remote,110000,190000,2.0,1764225730,unknown,Unspecified,201-500 employees,"Dental, Vision, Annual Bonus",150000.0,0-2 years,['unknown']
Product Manager,DataInc,"Chicago, IL",Contract,Technology,105801,193211,3.0,11/27/2025,"java, ruby, agile, aws",Unspecified,1000+ employees,"Stock Options, Remote Work Stipend",149506.0,3-5 years,"['java', ' ruby', ' agile', ' aws']"
Solutions Architect,EnterpriseHub,"London, UK",Remote,Technology,109002,189999,4.0,11/27/2025,"aws, go, javascript, docker, machine learning",Master's Degree,51-200 employees,"Dental, Vision, Annual Bonus",149500.5,3-5 years,"['aws', ' go', ' javascript', ' docker', ' machine learning']"
Software Engineer,DataInc,"San Francisco, CA",Part Time,Technology,104788,193973,5.0,11/27/2025,"aws, typescript, mongodb, react, ruby, sql, ci/cd",Associate Degree,201-500 employees,"Health Insurance, 401(k), Unlimited PTO",149380.5,3-5 years,"['aws', ' typescript', ' mongodb', ' react', ' ruby', ' sql', ' ci/cd']"
Backend Developer,InnovateLab,"San Francisco, CA",Contract,Technology,103684,194848,2.0,11/27/2025,"kubernetes, docker, java, tensorflow, python, sql, git",Associate Degree,1-50 employees,"Health Insurance, 401(k), Unlimited PTO",149266.0,0-2 years,"['kubernetes', ' docker', ' java', ' tensorflow', ' python', ' sql', ' git']"
Senior Software Engineer,CodeFactory,"Boston, MA",Full Time,Technology,102659,195385,5.0,11/27/2025,"react, rest apis, ci/cd, java, sql, aws",Unspecified,201-500 employees,"Dental, Vision, Annual Bonus",149022.0,3-5 years,"['react', ' rest apis', ' ci/cd', ' java', ' sql', ' aws']"
QA Engineer,DataInc,"New York, NY",Remote,Technology,111455,186282,4.0,11/27/2025,"javascript, react, git, docker, aws, ruby, typescript",PhD,201-500 employees,"Stock Options, Remote Work Stipend",148868.5,3-5 years,"['javascript', ' react', ' git', ' docker', ' aws', ' ruby', ' typescript']"
Project Manager,CodeFactory,"Austin, TX",Full Time,Technology,103468,194130,2.0,11/27/2025,"typescript, git, javascript, react, kubernetes, aws, node.js",Bachelor's Degree,51-200 employees,"Stock Options, Remote Work Stipend",148799.0,0-2 years,"['typescript', ' git', ' javascript', ' react', ' kubernetes', ' aws', ' node.js']"
Product Manager,InnovateLab,"Chicago, IL",Remote,Technology,106148,190939,4.0,11/27/2025,"javascript, go, ci/cd, machine learning",PhD,201-500 employees,"Dental, Vision, Annual Bonus",148543.5,3-5 years,"['javascript', ' go', ' ci/cd', ' machine learning']"
Backend Developer,CodeFactory,"London, UK",Remote,Technology,111149,185900,4.0,11/27/2025,"java, docker, aws, go, git, typescript, node.js",Master's Degree,1-50 employees,"Health Insurance, 401(k), Unlimited PTO",148524.5,3-5 years,"['java', ' docker', ' aws', ' go', ' git', ' typescript', ' node.js']"
Senior Software Engineer,TechCorp,"Denver, CO",Part Time,Technology,104733,192020,8.0,11/27/2025,"machine learning, docker, java, agile, react, sql",Master's Degree,1000+ employees,"Stock Options, Remote Work Stipend",148376.5,6-9 years,"['machine learning', ' docker', ' java', ' agile', ' react', ' sql']"
Project Manager,DigitalWorks,"Denver, CO",Full Time,Technology,109605,185719,2.0,11/27/2025,"javascript, go, ruby, git, tensorflow, rest apis",Unspecified,51-200 employees,"Stock Options, Remote Work Stipend",147662.0,0-2 years,"['javascript', ' go', ' ruby', ' git', ' tensorflow', ' rest apis']"
Project Manager,CodeFactory,Remote,Part Time,Technology,106406,188827,4.0,11/27/2025,"agile, sql, tensorflow, machine learning",Master's Degree,1-50 employees,"Health Insurance, 401(k), Unlimited PTO",147616.5,3-5 years,"['agile', ' sql', ' tensorflow', ' machine learning']"
Software Engineer,EnterpriseHub,"San Francisco, CA",Remote,Technology,113693,181173,2.0,11/27/2025,"node.js, tensorflow, ci/cd, rest apis",Unspecified,51-200 employees,"Dental, Vision, Annual Bonus",147433.0,0-2 years,"['node.js', ' tensorflow', ' ci/cd', ' rest apis']"
Machine Learning Engineer,WebDynamics,"New York, NY",Contract,Technology,103982,190665,5.0,11/27/2025,"ci/cd, go, rest apis, typescript, node.js",Associate Degree,1-50 employees,"Dental, Vision, Annual Bonus",147323.5,3-5 years,"['ci/cd', ' go', ' rest apis', ' typescript', ' node.js']"
Project Manager,CloudSystems,Remote,Full Time,Technology,99351,194988,2.0,11/27/2025,"machine learning, aws, kubernetes, docker, sql, ruby",Associate Degree,201-500 employees,"Dental, Vision, Annual Bonus",147169.5,0-2 years,"['machine learning', ' aws', ' kubernetes', ' docker', ' sql', ' ruby']"
Senior Data Scientist,DataInc,"Atlanta, GA",Full Time,Technology,110033,184236,9.0,11/27/2025,"javascript, git, sql, kubernetes",Associate Degree,1000+ employees,"Dental, Vision, Annual Bonus",147134.5,6-9 years,"['javascript', ' git', ' sql', ' kubernetes']"
DevOps Engineer,DigitalWorks,"San Francisco, CA",Remote,Technology,112214,181264,3.0,11/27/2025,"python, rest apis, go, java",PhD,1-50 employees,"Stock Options, Remote Work Stipend",146739.0,3-5 years,"['python', ' rest apis', ' go', ' java']"
Frontend Developer,TechCorp,"New York, NY",Remote,Technology,97145,196212,3.0,11/27/2025,"java, ruby, node.js",PhD,501-1000 employees,"Dental, Vision, Annual Bonus",146678.5,3-5 years,"['java', ' ruby', ' node.js']"
Machine Learning Engineer,DataInc,"New York, NY",Remote,Technology,106755,186095,2.0,11/27/2025,"agile, rest apis, aws, git, machine learning, ci/cd",Unspecified,1000+ employees,"Health Insurance, 401(k), Unlimited PTO",146425.0,0-2 years,"['agile', ' rest apis', ' aws', ' git', ' machine learning', ' ci/cd']"
Backend Developer,StartupXYZ,"London, UK",Remote,Technology,103022,188756,4.0,11/27/2025,"java, rest apis, python, javascript",PhD,501-1000 employees,"Stock Options, Remote Work Stipend",145889.0,3-5 years,"['java', ' rest apis', ' python', ' javascript']"
Data Scientist,DataInc,"Seattle, WA",Full Time,Technology,104474,187248,3.0,11/27/2025,"aws, sql, agile, ruby, git, javascript",Unspecified,501-1000 employees,"Health Insurance, 401(k), Unlimited PTO",145861.0,3-5 years,"['aws', ' sql', ' agile', ' ruby', ' git', ' javascript']"
DevOps Engineer,DigitalWorks,"San Francisco, CA",Part Time,Technology,103733,186360,3.0,11/27/2025,"ruby, mongodb, javascript, ci/cd, machine learning, rest apis, git",Associate Degree,51-200 employees,"Stock Options, Remote Work Stipend",145046.5,3-5 years,"['ruby', ' mongodb', ' javascript', ' ci/cd', ' machine learning', ' rest apis', ' git']"
Product Manager,InnovateLab,"Atlanta, GA",Remote,Technology,108664,181419,5.0,11/27/2025,"python, aws, java, machine learning, go, docker",Master's Degree,51-200 employees,"Dental, Vision, Annual Bonus",145041.5,3-5 years,"['python', ' aws', ' java', ' machine learning', ' go', ' docker']"
Project Manager,CloudSystems,Remote,Contract,Technology,109337,180013,4.0,11/27/2025,"machine learning, javascript, kubernetes",Bachelor's Degree,51-200 employees,"Dental, Vision, Annual Bonus",144675.0,3-5 years,"['machine learning', ' javascript', ' kubernetes']"
Machine Learning Engineer,TechCorp,"New York, NY",Full Time,Technology,107485,181694,4.0,11/27/2025,"ruby, aws, sql, tensorflow",High School,1000+ employees,"Stock Options, Remote Work Stipend",144589.5,3-5 years,"['ruby', ' aws', ' sql', ' tensorflow']"
Solutions Architect,InnovateLab,"New York, NY",Remote,Technology,106239,182583,5.0,11/27/2025,"javascript, agile, kubernetes, react",Master's Degree,1-50 employees,"Dental, Vision, Annual Bonus",144411.0,3-5 years,"['javascript', ' agile', ' kubernetes', ' react']"
Machine Learning Engineer,TechCorp,"San Francisco, CA",Full Time,Technology,112535,176131,2.0,11/27/2025,"typescript, kubernetes, go, git, sql, node.js, tensorflow",Unspecified,501-1000 employees,"Dental, Vision, Annual Bonus",144333.0,0-2 years,"['typescript', ' kubernetes', ' go', ' git', ' sql', ' node.js', ' tensorflow']"
Software Engineer,DataInc,"San Francisco, CA",Contract,Technology,105618,182763,2.0,11/27/2025,"ruby, rest apis, aws, ci/cd, typescript, agile, javascript",Bachelor's Degree,501-1000 employees,"Dental, Vision, Annual Bonus",144190.5,0-2 years,"['ruby', ' rest apis', ' aws', ' ci/cd', ' typescript', ' agile', ' javascript']"
Frontend Developer,WebDynamics,"New York, NY",Remote,Technology,109745,178290,4.0,11/27/2025,"go, mongodb, ci/cd, machine learning, agile, java",Bachelor's Degree,1000+ employees,"Stock Options, Remote Work Stipend",144017.5,3-5 years,"['go', ' mongodb', ' ci/cd', ' machine learning', ' agile', ' java']"
Security Engineer,EnterpriseHub,"London, UK",Contract,Technology,100122,187098,5.0,11/27/2025,"node.js, tensorflow, typescript, sql",PhD,1-50 employees,"Stock Options, Remote Work Stipend",143610.0,3-5 years,"['node.js', ' tensorflow', ' typescript', ' sql']"
Lead Engineer,EnterpriseHub,"Austin, TX",Contract,Technology,102627,184145,10.0,11/27/2025,"agile, machine learning, python, react",PhD,1000+ employees,"Stock Options, Remote Work Stipend",143386.0,10+ years,"['agile', ' machine learning', ' python', ' react']"
Product Manager,StartupXYZ,"Austin, TX",Part Time,Technology,102940,181529,4.0,11/27/2025,"aws, mongodb, typescript",PhD,1-50 employees,"Dental, Vision, Annual Bonus",142234.5,3-5 years,"['aws', ' mongodb', ' typescript']"
Project Manager,InnovateLab,"Toronto, Canada",Remote,Technology,100562,183103,5.0,11/27/2025,"javascript, rest apis, machine learning, react",Master's Degree,501-1000 employees,"Dental, Vision, Annual Bonus",141832.5,3-5 years,"['javascript', ' rest apis', ' machine learning', ' react']"
Software Engineer,DigitalWorks,"London, UK",Full Time,Technology,96309,187356,3.0,11/27/2025,"node.js, machine learning, sql, docker, go",Associate Degree,501-1000 employees,"Dental, Vision, Annual Bonus",141832.5,3-5 years,"['node.js', ' machine learning', ' sql', ' docker', ' go']"
Solutions Architect,DataInc,"Seattle, WA",Remote,Technology,110280,173023,4.0,11/27/2025,"mongodb, react, tensorflow",High School,1-50 employees,"Stock Options, Remote Work Stipend",141651.5,3-5 years,"['mongodb', ' react', ' tensorflow']"
Frontend Developer,InnovateLab,"Seattle, WA",Remote,Technology,95592,185558,2.0,11/27/2025,"git, mongodb, go, agile, react, ruby, machine learning",Associate Degree,1-50 employees,"Dental, Vision, Annual Bonus",140575.0,0-2 years,"['git', ' mongodb', ' go', ' agile', ' react', ' ruby', ' machine learning']"
Project Manager,AI Solutions,"Toronto, Canada",Contract,Technology,98217,182780,3.0,11/27/2025,"tensorflow, git, machine learning, python",Unspecified,1000+ employees,"Health Insurance, 401(k), Unlimited PTO",140498.5,3-5 years,"['tensorflow', ' git', ' machine learning', ' python']"
Machine Learning Engineer,AI Solutions,"New York, NY",Remote,Technology,98780,181433,2.0,11/27/2025,"sql, aws, rest apis, kubernetes, machine learning",PhD,501-1000 employees,"Stock Options, Remote Work Stipend",140106.5,0-2 years,"['sql', ' aws', ' rest apis', ' kubernetes', ' machine learning']"
Project Manager,WebDynamics,Remote,Full Time,Technology,95141,182407,4.0,11/27/2025,"python, java, tensorflow, git, go, ci/cd, javascript",PhD,1-50 employees,"Health Insurance, 401(k), Unlimited PTO",138774.0,3-5 years,"['python', ' java', ' tensorflow', ' git', ' go', ' ci/cd', ' javascript']"
QA Engineer,CodeFactory,"New York, NY",Full Time,Technology,100203,174792,3.0,11/27/2025,"python, mongodb, machine learning, node.js, javascript, ruby",Associate Degree,1-50 employees,"Health Insurance, 401(k), Unlimited PTO",137497.5,3-5 years,"['python', ' mongodb', ' machine learning', ' node.js', ' javascript', ' ruby']"
QA Engineer,InnovateLab,"Seattle, WA",Full Time,Technology,94838,179568,5.0,11/27/2025,"git, typescript, go",PhD,1000+ employees,"Dental, Vision, Annual Bonus",137203.0,3-5 years,"['git', ' typescript', ' go']"
Security Engineer,StartupXYZ,"New York, NY",Contract,Technology,98214,176117,2.0,11/27/2025,"git, ruby, machine learning, kubernetes, agile, sql",High School,1000+ employees,"Dental, Vision, Annual Bonus",137165.5,0-2 years,"['git', ' ruby', ' machine learning', ' kubernetes', ' agile', ' sql']"
Product Manager,CodeFactory,"Denver, CO",Contract,Technology,97454,171881,4.0,11/27/2025,"machine learning, git, rest apis, node.js",Bachelor's Degree,201-500 employees,"Stock Options, Remote Work Stipend",134667.5,3-5 years,"['machine learning', ' git', ' rest apis', ' node.js']"
Technical Lead,DigitalWorks,"Boston, MA",Contract,Technology,98508,156486,8.0,11/27/2025,"agile, go, node.js",PhD,1-50 employees,"Dental, Vision, Annual Bonus",127497.0,6-9 years,"['agile', ' go', ' node.js']"
Technical Lead,DataInc,"Denver, CO",Part Time,Technology,87016,161933,8.0,11/27/2025,"java, go, javascript, python, agile",Master's Degree,201-500 employees,"Dental, Vision, Annual Bonus",124474.5,6-9 years,"['java', ' go', ' javascript', ' python', ' agile']"
Technical Lead,StartupXYZ,"Chicago, IL",Remote,Technology,95342,151737,7.0,11/27/2025,"tensorflow, agile, javascript, ruby, docker, node.js, git",Unspecified,51-200 employees,"Dental, Vision, Annual Bonus",123539.5,6-9 years,"['tensorflow', ' agile', ' javascript', ' ruby', ' docker', ' node.js', ' git']"
Technical Lead,CodeFactory,"Toronto, Canada",Contract,Technology,94578,151875,9.0,11/27/2025,"ruby, javascript, tensorflow, docker, typescript, react, ci/cd",High School,501-1000 employees,"Stock Options, Remote Work Stipend",123226.5,6-9 years,"['ruby', ' javascript', ' tensorflow', ' docker', ' typescript', ' react', ' ci/cd']"
Software Engineer,DataInc,"Chicago, IL",Remote,Technology,88855,154571,5.0,11/27/2025,"ruby, sql, mongodb",Bachelor's Degree,1000+ employees,"Stock Options, Remote Work Stipend",121713.0,3-5 years,"['ruby', ' sql', ' mongodb']"
Technical Lead,CodeFactory,"Austin, TX",Full Time,Technology,90287,150531,8.0,11/27/2025,"sql, ci/cd, go, java",Master's Degree,51-200 employees,"Stock Options, Remote Work Stipend",120409.0,6-9 years,"['sql', ' ci/cd', ' go', ' java']"
Technical Lead,TechCorp,"Toronto, Canada",Remote,Technology,98084,141986,7.0,11/27/2025,"python, javascript, git, docker, java, node.js, ruby",Master's Degree,1-50 employees,"Dental, Vision, Annual Bonus",120035.0,6-9 years,"['python', ' javascript', ' git', ' docker', ' java', ' node.js', ' ruby']"
DevOps Engineer,AI Solutions,Remote,Part Time,Technology,85048,154593,3.0,11/27/2025,"typescript, ci/cd, git",Master's Degree,1-50 employees,"Dental, Vision, Annual Bonus",119820.5,3-5 years,"['typescript', ' ci/cd', ' git']"
QA Engineer,WebDynamics,"Chicago, IL",Contract,Technology,84367,154954,2.0,11/27/2025,"javascript, python, docker, rest apis",PhD,1-50 employees,"Health Insurance, 401(k), Unlimited PTO",119660.5,0-2 years,"['javascript', ' python', ' docker', ' rest apis']"
Data Scientist,StartupXYZ,"Austin, TX",Part Time,Technology,85820,152915,2.0,11/27/2025,"java, rest apis, git, aws, node.js, machine learning",Bachelor's Degree,201-500 employees,"Dental, Vision, Annual Bonus",119367.5,0-2 years,"['java', ' rest apis', ' git', ' aws', ' node.js', ' machine learning']"
Full Stack Developer,EnterpriseHub,"Atlanta, GA",Remote,Technology,89996,148405,4.0,11/27/2025,"kubernetes, rest apis, git, java, mongodb, ci/cd",Bachelor's Degree,51-200 employees,"Dental, Vision, Annual Bonus",119200.5,3-5 years,"['kubernetes', ' rest apis', ' git', ' java', ' mongodb', ' ci/cd']"
Machine Learning Engineer,AI Solutions,"Austin, TX",Remote,Technology,88628,149577,4.0,11/27/2025,"ruby, docker, agile, python, tensorflow",High School,1-50 employees,"Dental, Vision, Annual Bonus",119102.5,3-5 years,"['ruby', ' docker', ' agile', ' python', ' tensorflow']"
Full Stack Developer,TechCorp,"Toronto, Canada",Remote,Technology,83894,154229,2.0,11/27/2025,"aws, node.js, tensorflow, ruby",Bachelor's Degree,501-1000 employees,"Health Insurance, 401(k), Unlimited PTO",119061.5,0-2 years,"['aws', ' node.js', ' tensorflow', ' ruby']"
Solutions Architect,WebDynamics,"Chicago, IL",Part Time,Technology,86172,151938,3.0,11/27/2025,"python, node.js, mongodb, sql, rest apis",Master's Degree,501-1000 employees,"Health Insurance, 401(k), Unlimited PTO",119055.0,3-5 years,"['python', ' node.js', ' mongodb', ' sql', ' rest apis']"
Data Scientist,DataInc,Remote,Full Time,Technology,89618,148172,2.0,11/27/2025,"docker, python, rest apis, node.js, java",High School,51-200 employees,"Stock Options, Remote Work Stipend",118895.0,0-2 years,"['docker', ' python', ' rest apis', ' node.js', ' java']"
Technical Lead,WebDynamics,"Austin, TX",Remote,Technology,94029,143622,6.0,11/27/2025,"python, javascript, git, machine learning, go, node.js, ci/cd",Bachelor's Degree,501-1000 employees,"Stock Options, Remote Work Stipend",118825.5,6-9 years,"['python', ' javascript', ' git', ' machine learning', ' go', ' node.js', ' ci/cd']"
Solutions Architect,CodeFactory,"Denver, CO",Part Time,Technology,87970,149586,4.0,11/27/2025,"agile, typescript, docker, git, java",Associate Degree,51-200 employees,"Dental, Vision, Annual Bonus",118778.0,3-5 years,"['agile', ' typescript', ' docker', ' git', ' java']"
QA Engineer,WebDynamics,"Boston, MA",Part Time,Technology,88400,149067,4.0,11/27/2025,"machine learning, aws, docker, ruby, kubernetes",Bachelor's Degree,1-50 employees,"Stock Options, Remote Work Stipend",118733.5,3-5 years,"['machine learning', ' aws', ' docker', ' ruby', ' kubernetes']"
Frontend Developer,DataInc,"Atlanta, GA",Part Time,Technology,86006,151265,2.0,11/27/2025,"git, typescript, docker, go",High School,1-50 employees,"Health Insurance, 401(k), Unlimited PTO",118635.5,0-2 years,"['git', ' typescript', ' docker', ' go']"
Technical Lead,TechCorp,"Atlanta, GA",Contract,Technology,81347,154512,6.0,11/27/2025,"react, kubernetes, docker",Associate Degree,1000+ employees,"Dental, Vision, Annual Bonus",117929.5,6-9 years,"['react', ' kubernetes', ' docker']"
Full Stack Developer,CloudSystems,"Austin, TX",Contract,Technology,89373,144216,3.0,11/27/2025,"typescript, sql, node.js, agile, git, rest apis, machine learning",Unspecified,501-1000 employees,"Stock Options, Remote Work Stipend",116794.5,3-5 years,"['typescript', ' sql', ' node.js', ' agile', ' git', ' rest apis', ' machine learning']"
DevOps Engineer,AI Solutions,Remote,Contract,Technology,88680,144458,3.0,11/27/2025,"ruby, python, aws, node.js, sql, git",Bachelor's Degree,1-50 employees,"Dental, Vision, Annual Bonus",116569.0,3-5 years,"['ruby', ' python', ' aws', ' node.js', ' sql', ' git']"
Solutions Architect,WebDynamics,"Austin, TX",Full Time,Technology,83262,148613,3.0,11/27/2025,"go, react, tensorflow, ruby, java, agile, typescript",Master's Degree,1000+ employees,"Health Insurance, 401(k), Unlimited PTO",115937.5,3-5 years,"['go', ' react', ' tensorflow', ' ruby', ' java', ' agile', ' typescript']"
Software Engineer,StartupXYZ,"Toronto, Canada",Remote,Technology,89594,142259,3.0,11/27/2025,"agile, java, git, docker",High School,501-1000 employees,"Dental, Vision, Annual Bonus",115926.5,3-5 years,"['agile', ' java', ' git', ' docker']"
Security Engineer,InnovateLab,"Berlin, Germany",Remote,Technology,88820,142920,2.0,11/27/2025,"agile, go, docker, ci/cd",Master's Degree,1000+ employees,"Dental, Vision, Annual Bonus",115870.0,0-2 years,"['agile', ' go', ' docker', ' ci/cd']"
QA Engineer,DigitalWorks,"Boston, MA",Contract,Technology,79139,151839,5.0,11/27/2025,"typescript, react, rest apis",Associate Degree,1-50 employees,"Stock Options, Remote Work Stipend",115489.0,3-5 years,"['typescript', ' react', ' rest apis']"
Machine Learning Engineer,WebDynamics,"Berlin, Germany",Remote,Technology,88302,142198,5.0,11/27/2025,"java, kubernetes, typescript, ruby",Associate Degree,201-500 employees,"Stock Options, Remote Work Stipend",115250.0,3-5 years,"['java', ' kubernetes', ' typescript', ' ruby']"
QA Engineer,CloudSystems,"Toronto, Canada",Remote,Technology,89744,140745,2.0,11/27/2025,"tensorflow, python, rest apis",High School,1000+ employees,"Stock Options, Remote Work Stipend",115244.5,0-2 years,"['tensorflow', ' python', ' rest apis']"
UX Designer,DataInc,"New York, NY",Part Time,Technology,84041,144503,2.0,11/27/2025,"kubernetes, aws, agile, python",PhD,501-1000 employees,"Dental, Vision, Annual Bonus",114272.0,0-2 years,"['kubernetes', ' aws', ' agile', ' python']"
Technical Lead,AI Solutions,"Boston, MA",Full Time,Technology,86121,141827,10.0,11/27/2025,"react, machine learning, go, sql",Associate Degree,1-50 employees,"Dental, Vision, Annual Bonus",113974.0,10+ years,"['react', ' machine learning', ' go', ' sql']"
Data Scientist,TechCorp,"Denver, CO",Full Time,Technology,88708,139205,4.0,11/27/2025,"python, git, agile, rest apis, react, sql, mongodb",High School,1000+ employees,"Health Insurance, 401(k), Unlimited PTO",113956.5,3-5 years,"['python', ' git', ' agile', ' rest apis', ' react', ' sql', ' mongodb']"
Security Engineer,EnterpriseHub,"Chicago, IL",Remote,Technology,78178,148687,4.0,11/27/2025,"typescript, ci/cd, python, docker, go, ruby, react",PhD,501-1000 employees,"Health Insurance, 401(k), Unlimited PTO",113432.5,3-5 years,"['typescript', ' ci/cd', ' python', ' docker', ' go', ' ruby', ' react']"
Junior Developer,DigitalWorks,"London, UK",Part Time,Technology,91423,134486,2.0,11/27/2025,"go, python, ci/cd",Associate Degree,501-1000 employees,"Health Insurance, 401(k), Unlimited PTO",112954.5,0-2 years,"['go', ' python', ' ci/cd']"
Backend Developer,CodeFactory,"Atlanta, GA",Contract,Technology,73996,150993,3.0,11/27/2025,"docker, rest apis, aws, java, python, typescript",Master's Degree,201-500 employees,"Stock Options, Remote Work Stipend",112494.5,3-5 years,"['docker', ' rest apis', ' aws', ' java', ' python', ' typescript']"
Full Stack Developer,EnterpriseHub,Remote,Remote,Technology,79809,144949,4.0,11/27/2025,"go, docker, machine learning, python, kubernetes, react, aws",PhD,1-50 employees,"Health Insurance, 401(k), Unlimited PTO",112379.0,3-5 years,"['go', ' docker', ' machine learning', ' python', ' kubernetes', ' react', ' aws']"
Software Engineer,StartupXYZ,"Austin, TX",Full Time,Technology,86256,138322,3.0,11/27/2025,"aws, machine learning, docker, javascript, typescript, java, node.js",Master's Degree,201-500 employees,"Health Insurance, 401(k), Unlimited PTO",112289.0,3-5 years,"['aws', ' machine learning', ' docker', ' javascript', ' typescript', ' java', ' node.js']"
Machine Learning Engineer,AI Solutions,"Austin, TX",Part Time,Technology,89865,134690,3.0,11/27/2025,"python, tensorflow, mongodb, aws, go, javascript, typescript",PhD,1-50 employees,"Health Insurance, 401(k), Unlimited PTO",112277.5,3-5 years,"['python', ' tensorflow', ' mongodb', ' aws', ' go', ' javascript', ' typescript']"
Data Scientist,CloudSystems,"Austin, TX",Part Time,Technology,74350,150171,5.0,11/27/2025,"mongodb, node.js, rest apis",Bachelor's Degree,201-500 employees,"Health Insurance, 401(k), Unlimited PTO",112260.5,3-5 years,"['mongodb', ' node.js', ' rest apis']"
Frontend Developer,AI Solutions,"Boston, MA",Contract,Technology,76754,147738,2.0,11/27/2025,"node.js, typescript, machine learning, python, go, agile, ruby",High School,1000+ employees,"Dental, Vision, Annual Bonus",112246.0,0-2 years,"['node.js', ' typescript', ' machine learning', ' python', ' go', ' agile', ' ruby']"
System Administrator,DataInc,"London, UK",Part Time,Technology,86676,137346,2.0,11/27/2025,"mongodb, machine learning, sql, ruby, javascript, go, kubernetes",Associate Degree,501-1000 employees,"Stock Options, Remote Work Stipend",112011.0,0-2 years,"['mongodb', ' machine learning', ' sql', ' ruby', ' javascript', ' go', ' kubernetes']"
Backend Developer,InnovateLab,"Austin, TX",Remote,Technology,71897,152018,2.0,11/27/2025,"ruby, javascript, agile, sql, ci/cd",Master's Degree,1000+ employees,"Health Insurance, 401(k), Unlimited PTO",111957.5,0-2 years,"['ruby', ' javascript', ' agile', ' sql', ' ci/cd']"
Full Stack Developer,InnovateLab,"Boston, MA",Part Time,Technology,75303,148537,4.0,11/27/2025,"kubernetes, docker, node.js, git",Associate Degree,51-200 employees,"Stock Options, Remote Work Stipend",111920.0,3-5 years,"['kubernetes', ' docker', ' node.js', ' git']"
Junior Developer,CodeFactory,"Seattle, WA",Contract,Technology,88329,135378,0.0,11/27/2025,"sql, machine learning, typescript, javascript, ci/cd, docker",Unspecified,1-50 employees,"Health Insurance, 401(k), Unlimited PTO",111853.5,0-2 years,"['sql', ' machine learning', ' typescript', ' javascript', ' ci/cd', ' docker']"
Software Engineer,DigitalWorks,Remote,Part Time,Technology,72899,150681,4.0,11/27/2025,"node.js, sql, docker, kubernetes, javascript",Master's Degree,1000+ employees,"Dental, Vision, Annual Bonus",111790.0,3-5 years,"['node.js', ' sql', ' docker', ' kubernetes', ' javascript']"
DevOps Engineer,InnovateLab,"Atlanta, GA",Contract,Technology,72611,150517,3.0,11/27/2025,"git, ruby, go, machine learning, mongodb",Unspecified,201-500 employees,"Stock Options, Remote Work Stipend",111564.0,3-5 years,"['git', ' ruby', ' go', ' machine learning', ' mongodb']"
Full Stack Developer,EnterpriseHub,"Boston, MA",Part Time,Technology,81791,141013,3.0,11/27/2025,"tensorflow, rest apis, git, agile",Master's Degree,1-50 employees,"Dental, Vision, Annual Bonus",111402.0,3-5 years,"['tensorflow', ' rest apis', ' git', ' agile']"
Software Engineer,TechCorp,"Toronto, Canada",Remote,Technology,73214,149493,3.0,11/27/2025,"node.js, ci/cd, typescript, kubernetes, mongodb",High School,1000+ employees,"Stock Options, Remote Work Stipend",111353.5,3-5 years,"['node.js', ' ci/cd', ' typescript', ' kubernetes', ' mongodb']"
Business Analyst,CloudSystems,"San Francisco, CA",Part Time,Technology,79929,141936,3.0,11/27/2025,"sql, docker, aws, kubernetes, python",Associate Degree,1-50 employees,"Health Insurance, 401(k), Unlimited PTO",110932.5,3-5 years,"['sql', ' docker', ' aws', ' kubernetes', ' python']"
System Administrator,WebDynamics,"London, UK",Part Time,Technology,79215,141984,2.0,11/27/2025,"agile, node.js, react, rest apis",Bachelor's Degree,1000+ employees,"Stock Options, Remote Work Stipend",110599.5,0-2 years,"['agile', ' node.js', ' react', ' rest apis']"
Machine Learning Engineer,AI Solutions,"Toronto, Canada",Full Time,Technology,79372,141777,3.0,11/27/2025,"aws, go, git, react",Master's Degree,201-500 employees,"Dental, Vision, Annual Bonus",110574.5,3-5 years,"['aws', ' go', ' git', ' react']"
Frontend Developer,InnovateLab,Remote,Full Time,Technology,87625,132532,5.0,11/27/2025,"machine learning, python, docker, git, node.js",PhD,501-1000 employees,"Dental, Vision, Annual Bonus",110078.5,3-5 years,"['machine learning', ' python', ' docker', ' git', ' node.js']"
UX Designer,TechCorp,"London, UK",Full Time,Technology,80235,139878,5.0,11/27/2025,"docker, typescript, rest apis, kubernetes, tensorflow, ruby, react",High School,501-1000 employees,"Health Insurance, 401(k), Unlimited PTO",110056.5,3-5 years,"['docker', ' typescript', ' rest apis', ' kubernetes', ' tensorflow', ' ruby', ' react']"
Junior Developer,WebDynamics,"San Francisco, CA",Full Time,Technology,75038,145045,0.0,11/27/2025,"javascript, kubernetes, rest apis, python, aws, tensorflow",Master's Degree,1000+ employees,"Dental, Vision, Annual Bonus",110041.5,0-2 years,"['javascript', ' kubernetes', ' rest apis', ' python', ' aws', ' tensorflow']"
Solutions Architect,DigitalWorks,"Austin, TX",Contract,Technology,79969,139758,2.0,11/27/2025,"mongodb, typescript, machine learning, ruby, python, agile, tensorflow",High School,201-500 employees,"Stock Options, Remote Work Stipend",109863.5,0-2 years,"['mongodb', ' typescript', ' machine learning', ' ruby', ' python', ' agile', ' tensorflow']"
Security Engineer,CodeFactory,"Austin, TX",Full Time,Technology,83062,136568,3.0,11/27/2025,"python, react, ci/cd",Associate Degree,201-500 employees,"Health Insurance, 401(k), Unlimited PTO",109815.0,3-5 years,"['python', ' react', ' ci/cd']"
Solutions Architect,TechCorp,"Atlanta, GA",Full Time,Technology,74245,145021,2.0,11/27/2025,"ci/cd, machine learning, docker, typescript",Bachelor's Degree,51-200 employees,"Dental, Vision, Annual Bonus",109633.0,0-2 years,"['ci/cd', ' machine learning', ' docker', ' typescript']"
Solutions Architect,CloudSystems,"Boston, MA",Full Time,Technology,87002,132231,3.0,11/27/2025,"aws, ci/cd, python",Unspecified,51-200 employees,"Dental, Vision, Annual Bonus",109616.5,3-5 years,"['aws', ' ci/cd', ' python']"
Machine Learning Engineer,EnterpriseHub,"Berlin, Germany",Remote,Technology,86275,132888,4.0,11/27/2025,"kubernetes, tensorflow, javascript, git, react, python, go",High School,51-200 employees,"Health Insurance, 401(k), Unlimited PTO",109581.5,3-5 years,"['kubernetes', ' tensorflow', ' javascript', ' git', ' react', ' python', ' go']"
Security Engineer,TechCorp,"Atlanta, GA",Full Time,Technology,85072,132469,5.0,11/27/2025,"rest apis, react, ruby, python, git",Bachelor's Degree,51-200 employees,"Health Insurance, 401(k), Unlimited PTO",108770.5,3-5 years,"['rest apis', ' react', ' ruby', ' python', ' git']"
Machine Learning Engineer,DataInc,"Berlin, Germany",Contract,Technology,77143,139717,3.0,11/27/2025,"machine learning, react, rest apis, ci/cd, go, docker",High School,51-200 employees,"Dental, Vision, Annual Bonus",108430.0,3-5 years,"['machine learning', ' react', ' rest apis', ' ci/cd', ' go', ' docker']"
Backend Developer,WebDynamics,Remote,Contract,Technology,76412,139674,3.0,11/27/2025,"ci/cd, agile, sql, tensorflow, docker",Unspecified,1-50 employees,"Stock Options, Remote Work Stipend",108043.0,3-5 years,"['ci/cd', ' agile', ' sql', ' tensorflow', ' docker']"
Software Engineer,WebDynamics,"Berlin, Germany",Contract,Technology,78733,137099,3.0,11/27/2025,"aws, git, ruby, tensorflow, agile",Associate Degree,1000+ employees,"Dental, Vision, Annual Bonus",107916.0,3-5 years,"['aws', ' git', ' ruby', ' tensorflow', ' agile']"
Machine Learning Engineer,CloudSystems,"Boston, MA",Part Time,Technology,81416,134304,2.0,11/27/2025,"ci/cd, go, node.js, ruby, rest apis",PhD,51-200 employees,"Health Insurance, 401(k), Unlimited PTO",107860.0,0-2 years,"['ci/cd', ' go', ' node.js', ' ruby', ' rest apis']"
Frontend Developer,CloudSystems,"Boston, MA",Contract,Technology,75229,140057,2.0,11/27/2025,"java, react, agile, docker, python, machine learning",Associate Degree,1-50 employees,"Stock Options, Remote Work Stipend",107643.0,0-2 years,"['java', ' react', ' agile', ' docker', ' python', ' machine learning']"
Machine Learning Engineer,StartupXYZ,Remote,Full Time,Technology,81209,133662,3.0,11/27/2025,"machine learning, go, git, docker, rest apis, ci/cd",High School,201-500 employees,"Stock Options, Remote Work Stipend",107435.5,3-5 years,"['machine learning', ' go', ' git', ' docker', ' rest apis', ' ci/cd']"
Solutions Architect,TechCorp,"Austin, TX",Part Time,Technology,81682,133112,5.0,11/27/2025,"ruby, python, react, java, tensorflow, javascript, rest apis",Bachelor's Degree,501-1000 employees,"Dental, Vision, Annual Bonus",107397.0,3-5 years,"['ruby', ' python', ' react', ' java', ' tensorflow', ' javascript', ' rest apis']"
Solutions Architect,CodeFactory,"Atlanta, GA",Part Time,Technology,83140,131579,3.0,11/27/2025,"node.js, mongodb, go, agile, aws, typescript, machine learning",Unspecified,1-50 employees,"Dental, Vision, Annual Bonus",107359.5,3-5 years,"['node.js', ' mongodb', ' go', ' agile', ' aws', ' typescript', ' machine learning']"
Software Engineer,EnterpriseHub,"Toronto, Canada",Part Time,Technology,78059,136317,4.0,11/27/2025,"ci/cd, python, kubernetes",Unspecified,1000+ employees,"Stock Options, Remote Work Stipend",107188.0,3-5 years,"['ci/cd', ' python', ' kubernetes']"
Data Scientist,EnterpriseHub,"Austin, TX",Part Time,Technology,82317,131764,5.0,11/27/2025,"rest apis, aws, sql",Master's Degree,201-500 employees,"Dental, Vision, Annual Bonus",107040.5,3-5 years,"['rest apis', ' aws', ' sql']"
Machine Learning Engineer,CloudSystems,"Boston, MA",Remote,Technology,73064,140990,2.0,11/27/2025,"react, node.js, docker, python, ruby",Associate Degree,501-1000 employees,"Health Insurance, 401(k), Unlimited PTO",107027.0,0-2 years,"['react', ' node.js', ' docker', ' python', ' ruby']"
Software Engineer,CloudSystems,"Boston, MA",Remote,Technology,74824,138525,5.0,11/27/2025,"tensorflow, machine learning, node.js, javascript, agile, typescript",High School,51-200 employees,"Health Insurance, 401(k), Unlimited PTO",106674.5,3-5 years,"['tensorflow', ' machine learning', ' node.js', ' javascript', ' agile', ' typescript']"
Solutions Architect,DigitalWorks,"Denver, CO",Part Time,Technology,76836,135463,5.0,11/27/2025,"go, agile, python, docker, ci/cd, react, tensorflow",Associate Degree,201-500 employees,"Stock Options, Remote Work Stipend",106149.5,3-5 years,"['go', ' agile', ' python', ' docker', ' ci/cd', ' react', ' tensorflow']"
DevOps Engineer,InnovateLab,Remote,Part Time,Technology,71916,140205,3.0,11/27/2025,"machine learning, python, typescript, kubernetes, rest apis, ruby",High School,1-50 employees,"Dental, Vision, Annual Bonus",106060.5,3-5 years,"['machine learning', ' python', ' typescript', ' kubernetes', ' rest apis', ' ruby']"
Frontend Developer,StartupXYZ,"Toronto, Canada",Part Time,Technology,72650,138650,4.0,11/27/2025,"typescript, react, agile, sql, git, go, mongodb",Associate Degree,201-500 employees,"Health Insurance, 401(k), Unlimited PTO",105650.0,3-5 years,"['typescript', ' react', ' agile', ' sql', ' git', ' go', ' mongodb']"
DevOps Engineer,StartupXYZ,"Boston, MA",Full Time,Technology,75901,135037,4.0,11/27/2025,"ruby, go, mongodb, typescript, machine learning",Master's Degree,1000+ employees,"Dental, Vision, Annual Bonus",105469.0,3-5 years,"['ruby', ' go', ' mongodb', ' typescript', ' machine learning']"
DevOps Engineer,StartupXYZ,"Berlin, Germany",Full Time,Technology,71538,139212,4.0,11/27/2025,"agile, docker, react, go, sql, kubernetes, ci/cd",Bachelor's Degree,501-1000 employees,"Dental, Vision, Annual Bonus",105375.0,3-5 years,"['agile', ' docker', ' react', ' go', ' sql', ' kubernetes', ' ci/cd']"
System Administrator,WebDynamics,"Seattle, WA",Full Time,Technology,84186,125685,2.0,11/27/2025,"sql, kubernetes, git, go, ruby, agile",PhD,201-500 employees,"Dental, Vision, Annual Bonus",104935.5,0-2 years,"['sql', ' kubernetes', ' git', ' go', ' ruby', ' agile']"
QA Engineer,EnterpriseHub,"Chicago, IL",Contract,Technology,70109,138893,4.0,11/27/2025,"go, agile, typescript, ci/cd, tensorflow, ruby, java",Bachelor's Degree,1000+ employees,"Stock Options, Remote Work Stipend",104501.0,3-5 years,"['go', ' agile', ' typescript', ' ci/cd', ' tensorflow', ' ruby', ' java']"
Software Engineer,AI Solutions,"Boston, MA",Remote,Technology,74316,134145,2.0,11/27/2025,"agile, kubernetes, machine learning",PhD,1000+ employees,"Health Insurance, 401(k), Unlimited PTO",104230.5,0-2 years,"['agile', ' kubernetes', ' machine learning']"
Solutions Architect,TechCorp,"Chicago, IL",Remote,Technology,71875,134585,3.0,11/27/2025,"kubernetes, python, machine learning",Associate Degree,51-200 employees,"Dental, Vision, Annual Bonus",103230.0,3-5 years,"['kubernetes', ' python', ' machine learning']"
Full Stack Developer,DataInc,"Boston, MA",Part Time,Technology,76018,130316,5.0,11/27/2025,"sql, go, typescript, ci/cd, node.js, java",Unspecified,501-1000 employees,"Stock Options, Remote Work Stipend",103167.0,3-5 years,"['sql', ' go', ' typescript', ' ci/cd', ' node.js', ' java']"
Security Engineer,TechCorp,"Austin, TX",Contract,Technology,71872,134040,2.0,11/27/2025,"docker, agile, ruby, sql, machine learning, tensorflow",Associate Degree,51-200 employees,"Stock Options, Remote Work Stipend",102956.0,0-2 years,"['docker', ' agile', ' ruby', ' sql', ' machine learning', ' tensorflow']"
Business Analyst,CodeFactory,"New York, NY",Remote,Technology,82129,122656,4.0,11/27/2025,"machine learning, node.js, docker, ci/cd",Master's Degree,1-50 employees,"Health Insurance, 401(k), Unlimited PTO",102392.5,3-5 years,"['machine learning', ' node.js', ' docker', ' ci/cd']"
Junior Developer,DataInc,"Chicago, IL",Contract,Technology,73663,123800,1.0,11/27/2025,"agile, java, aws, git, machine learning, ruby, docker",PhD,51-200 employees,"Dental, Vision, Annual Bonus",98731.5,0-2 years,"['agile', ' java', ' aws', ' git', ' machine learning', ' ruby', ' docker']"
Business Analyst,CodeFactory,"New York, NY",Contract,Technology,69993,124119,3.0,11/27/2025,"agile, go, ci/cd",Master's Degree,201-500 employees,"Stock Options, Remote Work Stipend",97056.0,3-5 years,"['agile', ' go', ' ci/cd']"
Junior Developer,DigitalWorks,"Toronto, Canada",Contract,Technology,70717,121078,0.0,11/27/2025,"git, mongodb, rest apis, agile, go, ci/cd, python",Bachelor's Degree,1000+ employees,"Health Insurance, 401(k), Unlimited PTO",95897.5,0-2 years,"['git', ' mongodb', ' rest apis', ' agile', ' go', ' ci/cd', ' python']"
Junior Developer,AI Solutions,"Denver, CO",Full Time,Technology,71565,119090,1.0,11/27/2025,"ruby, ci/cd, aws, node.js, git, sql",High School,1-50 employees,"Stock Options, Remote Work Stipend",95327.5,0-2 years,"['ruby', ' ci/cd', ' aws', ' node.js', ' git', ' sql']"
Business Analyst,DigitalWorks,"Denver, CO",Remote,Technology,65168,114551,4.0,11/27/2025,"docker, tensorflow, react, agile, python, sql, ci/cd",Master's Degree,1000+ employees,"Health Insurance, 401(k), Unlimited PTO",89859.5,3-5 years,"['docker', ' tensorflow', ' react', ' agile', ' python', ' sql', ' ci/cd']"
System Administrator,WebDynamics,"Denver, CO",Full Time,Technology,65403,112418,5.0,11/27/2025,"react, agile, python, docker, javascript, kubernetes",Bachelor's Degree,1-50 employees,"Stock Options, Remote Work Stipend",88910.5,3-5 years,"['react', ' agile', ' python', ' docker', ' javascript', ' kubernetes']"
Junior Developer,DataInc,"Austin, TX",Contract,Technology,57074,119803,2.0,11/27/2025,"mongodb, python, typescript, react, node.js",Master's Degree,1000+ employees,"Stock Options, Remote Work Stipend",88438.5,0-2 years,"['mongodb', ' python', ' typescript', ' react', ' node.js']"
Junior Developer,AI Solutions,"Boston, MA",Part Time,Technology,61463,114523,1.0,11/27/2025,"mongodb, go, ci/cd, react, java, kubernetes, git",Associate Degree,201-500 employees,"Stock Options, Remote Work Stipend",87993.0,0-2 years,"['mongodb', ' go', ' ci/cd', ' react', ' java', ' kubernetes', ' git']"
UX Designer,TechCorp,"Boston, MA",Remote,Technology,66215,105651,3.0,11/27/2025,"agile, tensorflow, ruby, javascript, docker",Master's Degree,501-1000 employees,"Dental, Vision, Annual Bonus",85933.0,3-5 years,"['agile', ' tensorflow', ' ruby', ' javascript', ' docker']"
System Administrator,CodeFactory,"Chicago, IL",Remote,Technology,64421,107131,3.0,11/27/2025,"node.js, react, rest apis, kubernetes",Master's Degree,201-500 employees,"Dental, Vision, Annual Bonus",85776.0,3-5 years,"['node.js', ' react', ' rest apis', ' kubernetes']"
System Administrator,EnterpriseHub,"Boston, MA",Remote,Technology,69504,101397,3.0,11/27/2025,"python, ruby, machine learning, sql, docker",Associate Degree,1-50 employees,"Stock Options, Remote Work Stipend",85450.5,3-5 years,"['python', ' ruby', ' machine learning', ' sql', ' docker']"
System Administrator,TechCorp,"Austin, TX",Contract,Technology,63238,103813,2.0,11/27/2025,"aws, react, agile, typescript",Bachelor's Degree,1-50 employees,"Dental, Vision, Annual Bonus",83525.5,0-2 years,"['aws', ' react', ' agile', ' typescript']"
Business Analyst,WebDynamics,"Austin, TX",Contract,Technology,59839,106042,4.0,11/27/2025,"typescript, git, go",High School,51-200 employees,"Stock Options, Remote Work Stipend",82940.5,3-5 years,"['typescript', ' git', ' go']"
Data Analyst,EnterpriseHub,"Austin, TX",Full Time,Technology,60240,104773,5.0,11/27/2025,"docker, aws, mongodb, kubernetes, javascript",Master's Degree,51-200 employees,"Stock Options, Remote Work Stipend",82506.5,3-5 years,"['docker', ' aws', ' mongodb', ' kubernetes', ' javascript']"
System Administrator,CodeFactory,"Berlin, Germany",Remote,Technology,65099,99882,5.0,11/27/2025,"rest apis, aws, react",High School,1000+ employees,"Dental, Vision, Annual Bonus",82490.5,3-5 years,"['rest apis', ' aws', ' react']"
UX Designer,StartupXYZ,"Denver, CO",Full Time,Technology,62677,102299,4.0,11/27/2025,"ruby, react, javascript, typescript, sql, aws",Master's Degree,1000+ employees,"Dental, Vision, Annual Bonus",82488.0,3-5 years,"['ruby', ' react', ' javascript', ' typescript', ' sql', ' aws']"
System Administrator,DigitalWorks,"Chicago, IL",Remote,Technology,56323,108363,4.0,11/27/2025,"node.js, react, machine learning, ci/cd, agile, typescript, java",Bachelor's Degree,51-200 employees,"Dental, Vision, Annual Bonus",82343.0,3-5 years,"['node.js', ' react', ' machine learning', ' ci/cd', ' agile', ' typescript', ' java']"
Business Analyst,CloudSystems,"Austin, TX",Part Time,Technology,61751,102243,2.0,11/27/2025,"aws, javascript, mongodb, tensorflow, machine learning, ruby, agile",Unspecified,501-1000 employees,"Stock Options, Remote Work Stipend",81997.0,0-2 years,"['aws', ' javascript', ' mongodb', ' tensorflow', ' machine learning', ' ruby', ' agile']"
Business Analyst,TechCorp,"Atlanta, GA",Remote,Technology,69329,91860,3.0,11/27/2025,"ruby, node.js, git, tensorflow, ci/cd",Unspecified,201-500 employees,"Stock Options, Remote Work Stipend",80594.5,3-5 years,"['ruby', ' node.js', ' git', ' tensorflow', ' ci/cd']"
Business Analyst,EnterpriseHub,"Denver, CO",Remote,Technology,60548,99605,2.0,11/27/2025,"mongodb, machine learning, javascript, aws, node.js, python",PhD,1-50 employees,"Stock Options, Remote Work Stipend",80076.5,0-2 years,"['mongodb', ' machine learning', ' javascript', ' aws', ' node.js', ' python']"
Data Analyst,EnterpriseHub,"Chicago, IL",Contract,Technology,50892,107918,3.0,11/27/2025,"kubernetes, node.js, java, sql, go, react",PhD,1000+ employees,"Dental, Vision, Annual Bonus",79405.0,3-5 years,"['kubernetes', ' node.js', ' java', ' sql', ' go', ' react']"
Business Analyst,InnovateLab,Remote,Full Time,Technology,63339,94476,3.0,11/27/2025,"rest apis, kubernetes, mongodb",PhD,1000+ employees,"Health Insurance, 401(k), Unlimited PTO",78907.5,3-5 years,"['rest apis', ' kubernetes', ' mongodb']"
UX Designer,WebDynamics,Remote,Full Time,Technology,65938,91253,2.0,11/27/2025,"java, docker, machine learning",Associate Degree,501-1000 employees,"Dental, Vision, Annual Bonus",78595.5,0-2 years,"['java', ' docker', ' machine learning']"
UX Designer,TechCorp,"Chicago, IL",Contract,Technology,53114,103673,5.0,11/27/2025,"sql, mongodb, ruby, aws",Bachelor's Degree,501-1000 employees,"Dental, Vision, Annual Bonus",78393.5,3-5 years,"['sql', ' mongodb', ' ruby', ' aws']"
Data Analyst,StartupXYZ,"Toronto, Canada",Full Time,Technology,52720,103309,3.0,11/27/2025,"sql, go, javascript, machine learning, rest apis",Unspecified,501-1000 employees,"Dental, Vision, Annual Bonus",78014.5,3-5 years,"['sql', ' go', ' javascript', ' machine learning', ' rest apis']"
UX Designer,TechCorp,"Atlanta, GA",Contract,Technology,55647,99793,4.0,11/27/2025,"aws, javascript, machine learning, rest apis, python, git, go",Master's Degree,1-50 employees,"Health Insurance, 401(k), Unlimited PTO",77720.0,3-5 years,"['aws', ' javascript', ' machine learning', ' rest apis', ' python', ' git', ' go']"
Data Analyst,StartupXYZ,"Denver, CO",Contract,Technology,53490,100804,3.0,11/27/2025,"javascript, kubernetes, typescript, python, tensorflow, ruby, git",Associate Degree,51-200 employees,"Stock Options, Remote Work Stipend",77147.0,3-5 years,"['javascript', ' kubernetes', ' typescript', ' python', ' tensorflow', ' ruby', ' git']"
UX Designer,StartupXYZ,"Denver, CO",Part Time,Technology,55151,98695,2.0,11/27/2025,"git, python, aws, react",PhD,1000+ employees,"Dental, Vision, Annual Bonus",76923.0,0-2 years,"['git', ' python', ' aws', ' react']"
Data Analyst,InnovateLab,"Austin, TX",Part Time,Technology,51888,91798,3.0,11/27/2025,"python, typescript, tensorflow, ruby",Unspecified,1-50 employees,"Stock Options, Remote Work Stipend",71843.0,3-5 years,"['python', ' typescript', ' tensorflow', ' ruby']"
Business Analyst,DigitalWorks,"Toronto, Canada",Part Time,Technology,52419,90437,2.0,11/27/2025,"python, ci/cd, machine learning, sql",Master's Degree,1-50 employees,"Health Insurance, 401(k), Unlimited PTO",71428.0,0-2 years,"['python', ' ci/cd', ' machine learning', ' sql']"
